CONSUMER_SPENDING,TBL1,TBL2,TBL3,TBL4,TBL5,TBL6,TBL7,BOND1,BOND2,BOND3,BOND4,BOND5,BOND6,BOND7,DEBT1,DEBT2,DEBT3,DEBT4,DEBT5,DEBT6,DEBT7,DLSP1,DLSP2,DLSP3,DLSP4,DLSP5,DLSP6,DLSP7
1.9,7.27,7.32,7.01,6.19,6.1,5.56,5.2,7.37,7.3,6.86,6.35,6.18,5.77,5.46,0.89469373,0.88909917,0.889712058,0.881694571,0.889447928,0.884180383,0.885842887,-0.068894457,0.008980421,-0.083421518,0.007275629,-0.042025323,0.053256183,0.011933102
3.6,6.67,7.27,7.32,7.01,6.19,6.1,5.56,7.71,7.37,7.3,6.86,6.35,6.18,5.77,0.889323441,0.89469373,0.88909917,0.889712058,0.881694571,0.889447928,0.884180383,-0.13500889,-0.068894457,0.008980421,-0.083421518,0.007275629,-0.042025323,0.053256183
-1.1,6.36,6.67,7.27,7.32,7.01,6.19,6.1,7.46,7.71,7.37,7.3,6.86,6.35,6.18,0.897296457,0.889323441,0.89469373,0.88909917,0.889712058,0.881694571,0.889447928,0.055127098,-0.13500889,-0.068894457,0.008980421,-0.083421518,0.007275629,-0.042025323
7.9,5.4,6.36,6.67,7.27,7.32,7.01,6.19,6.85,7.46,7.71,7.37,7.3,6.86,6.35,0.902577149,0.897296457,0.889323441,0.89469373,0.88909917,0.889712058,0.881694571,0.073996649,0.055127098,-0.13500889,-0.068894457,0.008980421,-0.083421518,0.007275629
3.7,3.91,5.4,6.36,6.67,7.27,7.32,7.01,6.02,6.85,7.46,7.71,7.37,7.3,6.86,0.908938156,0.902577149,0.897296457,0.889323441,0.89469373,0.88909917,0.889712058,0.109335835,0.073996649,0.055127098,-0.13500889,-0.068894457,0.008980421,-0.083421518
3.2,4.18,3.91,5.4,6.36,6.67,7.27,7.32,6.25,6.02,6.85,7.46,7.71,7.37,7.3,0.90515171,0.908938156,0.902577149,0.897296457,0.889323441,0.89469373,0.88909917,0.031385918,0.109335835,0.073996649,0.055127098,-0.13500889,-0.068894457,0.008980421
6.8,5.03,4.18,3.91,5.4,6.36,6.67,7.27,6.48,6.25,6.02,6.85,7.46,7.71,7.37,0.913356241,0.90515171,0.908938156,0.902577149,0.897296457,0.889323441,0.89469373,-0.031351775,0.031385918,0.109335835,0.073996649,0.055127098,-0.13500889,-0.068894457
5.4,4.25,5.03,4.18,3.91,5.4,6.36,6.67,5.89,6.48,6.25,6.02,6.85,7.46,7.71,0.917238142,0.913356241,0.90515171,0.908938156,0.902577149,0.897296457,0.889323441,-0.009052629,-0.031351775,0.031385918,0.109335835,0.073996649,0.055127098,-0.13500889
7.9,3.45,4.25,5.03,4.18,3.91,5.4,6.36,6.03,5.89,6.48,6.25,6.02,6.85,7.46,0.919555388,0.917238142,0.913356241,0.90515171,0.908938156,0.902577149,0.897296457,0.090189707,-0.009052629,-0.031351775,0.031385918,0.109335835,0.073996649,0.055127098
6.3,3.77,3.45,4.25,5.03,4.18,3.91,5.4,6.14,6.03,5.89,6.48,6.25,6.02,6.85,0.919910678,0.919555388,0.917238142,0.913356241,0.90515171,0.908938156,0.902577149,0.020653322,0.090189707,-0.009052629,-0.031351775,0.031385918,0.109335835,0.073996649
9.7,4.22,3.77,3.45,4.25,5.03,4.18,3.91,6.29,6.14,6.03,5.89,6.48,6.25,6.02,0.930196962,0.919910678,0.919555388,0.917238142,0.913356241,0.90515171,0.908938156,0.01435659,0.020653322,0.090189707,-0.009052629,-0.031351775,0.031385918,0.109335835
7.5,4.86,4.22,3.77,3.45,4.25,5.03,4.18,6.37,6.29,6.14,6.03,5.89,6.48,6.25,0.933548386,0.930196962,0.919910678,0.919555388,0.917238142,0.913356241,0.90515171,0.051156534,0.01435659,0.020653322,0.090189707,-0.009052629,-0.031351775,0.031385918
-0.2,5.69,4.86,4.22,3.77,3.45,4.25,5.03,6.6,6.37,6.29,6.14,6.03,5.89,6.48,0.93938727,0.933548386,0.930196962,0.919910678,0.919555388,0.917238142,0.913356241,-0.020627128,0.051156534,0.01435659,0.020653322,0.090189707,-0.009052629,-0.031351775
1.4,6.6,5.69,4.86,4.22,3.77,3.45,4.25,6.81,6.6,6.37,6.29,6.14,6.03,5.89,0.940705001,0.93938727,0.933548386,0.930196962,0.919910678,0.919555388,0.917238142,-0.07036666,-0.020627128,0.051156534,0.01435659,0.020653322,0.090189707,-0.009052629
-1.2,8.34,6.6,5.69,4.86,4.22,3.77,3.45,7.21,6.81,6.6,6.37,6.29,6.14,6.03,0.949619885,0.940705001,0.93938727,0.933548386,0.930196962,0.919910678,0.919555388,0.01481788,-0.07036666,-0.020627128,0.051156534,0.01435659,0.020653322,0.090189707
-3.4,7.5,8.34,6.6,5.69,4.86,4.22,3.77,6.75,7.21,6.81,6.6,6.37,6.29,6.14,0.954889534,0.949619885,0.940705001,0.93938727,0.933548386,0.930196962,0.919910678,-0.061364995,0.01481788,-0.07036666,-0.020627128,0.051156534,0.01435659,0.020653322
1.4,7.62,7.5,8.34,6.6,5.69,4.86,4.22,7.05,6.75,7.21,6.81,6.6,6.37,6.29,0.954760249,0.954889534,0.949619885,0.940705001,0.93938727,0.933548386,0.930196962,-0.051084042,-0.061364995,0.01481788,-0.07036666,-0.020627128,0.051156534,0.01435659
1.7,8.16,7.62,7.5,8.34,6.6,5.69,4.86,7.54,7.05,6.75,7.21,6.81,6.6,6.37,0.95500774,0.954760249,0.954889534,0.949619885,0.940705001,0.93938727,0.933548386,-0.08428566,-0.051084042,-0.061364995,0.01481788,-0.07036666,-0.020627128,0.051156534
-5.7,8.23,8.16,7.62,7.5,8.34,6.6,5.69,7.96,7.54,7.05,6.75,7.21,6.81,6.6,0.968233481,0.95500774,0.954760249,0.954889534,0.949619885,0.940705001,0.93938727,-0.203756821,-0.08428566,-0.051084042,-0.061364995,0.01481788,-0.07036666,-0.020627128
3.4,7.35,8.23,8.16,7.62,7.5,8.34,6.6,7.67,7.96,7.54,7.05,6.75,7.21,6.81,0.97424352,0.968233481,0.95500774,0.954760249,0.954889534,0.949619885,0.940705001,-0.012025506,-0.203756821,-0.08428566,-0.051084042,-0.061364995,0.01481788,-0.07036666
6.9,5.82,7.35,8.23,8.16,7.62,7.5,8.34,7.54,7.67,7.96,7.54,7.05,6.75,7.21,0.974866514,0.97424352,0.968233481,0.95500774,0.954760249,0.954889534,0.949619885,0.130035901,-0.012025506,-0.203756821,-0.08428566,-0.051084042,-0.061364995,0.01481788
5.8,5.39,5.82,7.35,8.23,8.16,7.62,7.5,8.05,7.54,7.67,7.96,7.54,7.05,6.75,0.9620682,0.974866514,0.97424352,0.968233481,0.95500774,0.954760249,0.954889534,0.123164971,0.130035901,-0.012025506,-0.203756821,-0.08428566,-0.051084042,-0.061364995
4.3,6.31,5.39,5.82,7.35,8.23,8.16,7.62,8.3,8.05,7.54,7.67,7.96,7.54,7.05,0.959342166,0.9620682,0.974866514,0.97424352,0.968233481,0.95500774,0.954760249,-0.053056697,0.123164971,0.130035901,-0.012025506,-0.203756821,-0.08428566,-0.051084042
8.2,5.68,6.31,5.39,5.82,7.35,8.23,8.16,8.06,8.3,8.05,7.54,7.67,7.96,7.54,0.95361252,0.959342166,0.9620682,0.974866514,0.97424352,0.968233481,0.95500774,0.041404487,-0.053056697,0.123164971,0.130035901,-0.012025506,-0.203756821,-0.08428566
3.7,4.94,5.68,6.31,5.39,5.82,7.35,8.23,7.75,8.06,8.3,8.05,7.54,7.67,7.96,0.949948496,0.95361252,0.959342166,0.9620682,0.974866514,0.97424352,0.968233481,0.114693088,0.041404487,-0.053056697,0.123164971,0.130035901,-0.012025506,-0.203756821
4.3,5.14,4.94,5.68,6.31,5.39,5.82,7.35,7.77,7.75,8.06,8.3,8.05,7.54,7.67,0.936087324,0.949948496,0.95361252,0.959342166,0.9620682,0.974866514,0.97424352,0.009057561,0.114693088,0.041404487,-0.053056697,0.123164971,0.130035901,-0.012025506
5.3,5.17,5.14,4.94,5.68,6.31,5.39,5.82,7.73,7.77,7.75,8.06,8.3,8.05,7.54,0.934689863,0.936087324,0.949948496,0.95361252,0.959342166,0.9620682,0.974866514,0.017776394,0.009057561,0.114693088,0.041404487,-0.053056697,0.123164971,0.130035901
4.7,4.69,5.17,5.14,4.94,5.68,6.31,5.39,7.19,7.73,7.77,7.75,8.06,8.3,8.05,0.935412485,0.934689863,0.936087324,0.949948496,0.95361252,0.959342166,0.9620682,0.002788224,0.017776394,0.009057561,0.114693088,0.041404487,-0.053056697,0.123164971
2.2,4.63,4.69,5.17,5.14,4.94,5.68,6.31,7.35,7.19,7.73,7.77,7.75,8.06,8.3,0.939610816,0.935412485,0.934689863,0.936087324,0.949948496,0.95361252,0.959342166,-0.039794398,0.002788224,0.017776394,0.009057561,0.114693088,0.041404487,-0.053056697
3.9,4.82,4.63,4.69,5.17,5.14,4.94,5.68,7.37,7.35,7.19,7.73,7.77,7.75,8.06,0.942736845,0.939610816,0.935412485,0.934689863,0.936087324,0.949948496,0.95361252,-0.017571092,-0.039794398,0.002788224,0.017776394,0.009057561,0.114693088,0.041404487
6.2,5.46,4.82,4.63,4.69,5.17,5.14,4.94,7.36,7.37,7.35,7.19,7.73,7.77,7.75,0.953268966,0.942736845,0.939610816,0.935412485,0.934689863,0.936087324,0.949948496,-0.009843619,-0.017571092,-0.039794398,0.002788224,0.017776394,0.009057561,0.114693088
2.3,6.11,5.46,4.82,4.63,4.69,5.17,5.14,7.6,7.36,7.37,7.35,7.19,7.73,7.77,0.957607043,0.953268966,0.942736845,0.939610816,0.935412485,0.934689863,0.936087324,-0.034403303,-0.009843619,-0.017571092,-0.039794398,0.002788224,0.017776394,0.009057561
8.8,6.39,6.11,5.46,4.82,4.63,4.69,5.17,8.01,7.6,7.36,7.37,7.35,7.19,7.73,0.965265824,0.957607043,0.953268966,0.942736845,0.939610816,0.935412485,0.934689863,-0.061249205,-0.034403303,-0.009843619,-0.017571092,-0.039794398,0.002788224,0.017776394
1.7,6.49,6.39,6.11,5.46,4.82,4.63,4.69,8.32,8.01,7.6,7.36,7.37,7.35,7.19,0.966749413,0.965265824,0.957607043,0.953268966,0.942736845,0.939610816,0.935412485,0.086885816,-0.061249205,-0.034403303,-0.009843619,-0.017571092,-0.039794398,0.002788224
3.2,7.3,6.49,6.39,6.11,5.46,4.82,4.63,8.49,8.32,8.01,7.6,7.36,7.37,7.35,0.975526646,0.966749413,0.965265824,0.957607043,0.953268966,0.942736845,0.939610816,0.056749731,0.086885816,-0.061249205,-0.034403303,-0.009843619,-0.017571092,-0.039794398
2,8.57,7.3,6.49,6.39,6.11,5.46,4.82,8.82,8.49,8.32,8.01,7.6,7.36,7.37,0.98003289,0.975526646,0.966749413,0.965265824,0.957607043,0.953268966,0.942736845,-0.076417005,0.056749731,0.086885816,-0.061249205,-0.034403303,-0.009843619,-0.017571092
-0.2,9.39,8.57,7.3,6.49,6.39,6.11,5.46,9.11,8.82,8.49,8.32,8.01,7.6,7.36,0.979391176,0.98003289,0.975526646,0.966749413,0.965265824,0.957607043,0.953268966,0.04758872,-0.076417005,0.056749731,0.086885816,-0.061249205,-0.034403303,-0.009843619
4,9.38,9.39,8.57,7.3,6.49,6.39,6.11,9.11,9.11,8.82,8.49,8.32,8.01,7.6,0.974217219,0.979391176,0.98003289,0.975526646,0.966749413,0.965265824,0.957607043,0.019782918,0.04758872,-0.076417005,0.056749731,0.086885816,-0.061249205,-0.034403303
1.1,9.65,9.38,9.39,8.57,7.3,6.49,6.39,9.1,9.11,9.11,8.82,8.49,8.32,8.01,0.985554762,0.974217219,0.979391176,0.98003289,0.975526646,0.966749413,0.965265824,0.059743058,0.019782918,0.04758872,-0.076417005,0.056749731,0.086885816,-0.061249205
-0.6,11.84,9.65,9.38,9.39,8.57,7.3,6.49,10.45,9.1,9.11,9.11,8.82,8.49,8.32,0.994983487,0.985554762,0.974217219,0.979391176,0.98003289,0.975526646,0.966749413,-0.020459043,0.059743058,0.019782918,0.04758872,-0.076417005,0.056749731,0.086885816
-8.7,13.28,11.84,9.65,9.38,9.39,8.57,7.3,11.99,10.45,9.1,9.11,9.11,8.82,8.49,1.000807586,0.994983487,0.985554762,0.974217219,0.979391176,0.98003289,0.975526646,0.043330866,-0.020459043,0.059743058,0.019782918,0.04758872,-0.076417005,0.056749731
4.4,9.77,13.28,11.84,9.65,9.38,9.39,8.57,10.48,11.99,10.45,9.1,9.11,9.11,8.82,1.001699749,1.000807586,0.994983487,0.985554762,0.974217219,0.979391176,0.98003289,0.005622047,0.043330866,-0.020459043,0.059743058,0.019782918,0.04758872,-0.076417005
5.4,9.04,9.77,13.28,11.84,9.65,9.38,9.39,10.95,10.48,11.99,10.45,9.1,9.11,9.11,0.998455147,1.001699749,1.000807586,0.994983487,0.985554762,0.974217219,0.979391176,0.107735839,0.005622047,0.043330866,-0.020459043,0.059743058,0.019782918,0.04758872
2.1,13.48,9.04,9.77,13.28,11.84,9.65,9.38,12.42,10.95,10.48,11.99,10.45,9.1,9.11,1.003208057,0.998455147,1.001699749,1.000807586,0.994983487,0.985554762,0.974217219,0.088618087,0.107735839,0.005622047,0.043330866,-0.020459043,0.059743058,0.019782918
-0.1,14.42,13.48,9.04,9.77,13.28,11.84,9.65,12.96,12.42,10.95,10.48,11.99,10.45,9.1,1.0077867,1.003208057,0.998455147,1.001699749,1.000807586,0.994983487,0.985554762,-0.017313079,0.088618087,0.107735839,0.005622047,0.043330866,-0.020459043,0.059743058
1.6,14.83,14.42,13.48,9.04,9.77,13.28,11.84,13.75,12.96,12.42,10.95,10.48,11.99,10.45,0.997077244,1.0077867,1.003208057,0.998455147,1.001699749,1.000807586,0.994983487,-0.000529362,-0.017313079,0.088618087,0.107735839,0.005622047,0.043330866,-0.020459043
-3,15.05,14.83,14.42,13.48,9.04,9.77,13.28,14.85,13.75,12.96,12.42,10.95,10.48,11.99,0.99634877,0.997077244,1.0077867,1.003208057,0.998455147,1.001699749,1.000807586,-0.069747772,-0.000529362,-0.017313079,0.088618087,0.107735839,0.005622047,0.043330866
2.7,11.9,15.05,14.83,14.42,13.48,9.04,9.77,14.09,14.85,13.75,12.96,12.42,10.95,10.48,0.991379527,0.99634877,0.997077244,1.0077867,1.003208057,0.998455147,1.001699749,0.002430204,-0.069747772,-0.000529362,-0.017313079,0.088618087,0.107735839,0.005622047
1.5,12.69,11.9,15.05,14.83,14.42,13.48,9.04,14.29,14.09,14.85,13.75,12.96,12.42,10.95,0.990096083,0.991379527,0.99634877,0.997077244,1.0077867,1.003208057,0.998455147,-0.070730051,0.002430204,-0.069747772,-0.000529362,-0.017313079,0.088618087,0.107735839
3.1,12.45,12.69,11.9,15.05,14.83,14.42,13.48,13.93,14.29,14.09,14.85,13.75,12.96,12.42,0.994359596,0.990096083,0.991379527,0.99634877,0.997077244,1.0077867,1.003208057,-0.022067041,-0.070730051,0.002430204,-0.069747772,-0.000529362,-0.017313079,0.088618087
7.5,9.61,12.45,12.69,11.9,15.05,14.83,14.42,13.12,13.93,14.29,14.09,14.85,13.75,12.96,1.003663064,0.994359596,0.990096083,0.991379527,0.99634877,0.997077244,1.0077867,0.02654363,-0.022067041,-0.070730051,0.002430204,-0.069747772,-0.000529362,-0.017313079
3.9,7.88,9.61,12.45,12.69,11.9,15.05,14.83,10.67,13.12,13.93,14.29,14.09,14.85,13.75,1.010284444,1.003663064,0.994359596,0.990096083,0.991379527,0.99634877,0.997077244,0.173798808,0.02654363,-0.022067041,-0.070730051,0.002430204,-0.069747772,-0.000529362
8.2,8.08,7.88,9.61,12.45,12.69,11.9,15.05,10.56,10.67,13.12,13.93,14.29,14.09,14.85,1.016211505,1.010284444,1.003663064,0.994359596,0.990096083,0.991379527,0.99634877,0.07785499,0.173798808,0.02654363,-0.022067041,-0.070730051,0.002430204,-0.069747772
7.2,8.4,8.08,7.88,9.61,12.45,12.69,11.9,10.54,10.56,10.67,13.12,13.93,14.29,14.09,1.013857189,1.016211505,1.010284444,1.003663064,0.994359596,0.990096083,0.991379527,0.102430038,0.07785499,0.173798808,0.02654363,-0.022067041,-0.070730051,0.002430204
6.5,9.13,8.4,8.08,7.88,9.61,12.45,12.69,11.63,10.54,10.56,10.67,13.12,13.93,14.29,1.020544923,1.013857189,1.016211505,1.010284444,1.003663064,0.994359596,0.990096083,-0.002896218,0.102430038,0.07785499,0.173798808,0.02654363,-0.022067041,-0.070730051
3.4,8.8,9.13,8.4,8.08,7.88,9.61,12.45,11.69,11.63,10.54,10.56,10.67,13.12,13.93,1.025345835,1.020544923,1.013857189,1.016211505,1.010284444,1.003663064,0.994359596,0.003745267,-0.002896218,0.102430038,0.07785499,0.173798808,0.02654363,-0.022067041
5.8,9.17,8.8,9.13,8.4,8.08,7.88,9.61,11.94,11.69,11.63,10.54,10.56,10.67,13.12,1.030318652,1.025345835,1.020544923,1.013857189,1.016211505,1.010284444,1.003663064,-0.031258628,0.003745267,-0.002896218,0.102430038,0.07785499,0.173798808,0.02654363
3.1,9.8,9.17,8.8,9.13,8.4,8.08,7.88,13.2,11.94,11.69,11.63,10.54,10.56,10.67,1.029996841,1.030318652,1.025345835,1.020544923,1.013857189,1.016211505,1.010284444,-0.033646361,-0.031258628,0.003745267,-0.002896218,0.102430038,0.07785499,0.173798808
5.4,10.32,9.8,9.17,8.8,9.13,8.4,8.08,12.87,13.2,11.94,11.69,11.63,10.54,10.56,1.040274231,1.029996841,1.030318652,1.025345835,1.020544923,1.013857189,1.016211505,0.041516919,-0.033646361,-0.031258628,0.003745267,-0.002896218,0.102430038,0.07785499
7,8.84,10.32,9.8,9.17,8.8,9.13,8.4,11.74,12.87,13.2,11.94,11.69,11.63,10.54,1.046832161,1.040274231,1.029996841,1.030318652,1.025345835,1.020544923,1.013857189,0.027481711,0.041516919,-0.033646361,-0.031258628,0.003745267,-0.002896218,0.102430038
3.8,8.16,8.84,10.32,9.8,9.17,8.8,9.13,11.58,11.74,12.87,13.2,11.94,11.69,11.63,1.061409472,1.046832161,1.040274231,1.029996841,1.030318652,1.025345835,1.020544923,0.085878738,0.027481711,0.041516919,-0.033646361,-0.031258628,0.003745267,-0.002896218
7.9,7.48,8.16,8.84,10.32,9.8,9.17,8.8,10.81,11.58,11.74,12.87,13.2,11.94,11.69,1.072554642,1.061409472,1.046832161,1.040274231,1.029996841,1.030318652,1.025345835,0.035843156,0.085878738,0.027481711,0.041516919,-0.033646361,-0.031258628,0.003745267
1,7.1,7.48,8.16,8.84,10.32,9.8,9.17,10.34,10.81,11.58,11.74,12.87,13.2,11.94,1.087433688,1.072554642,1.061409472,1.046832161,1.040274231,1.029996841,1.030318652,0.000712456,0.035843156,0.085878738,0.027481711,0.041516919,-0.033646361,-0.031258628
3.4,7.17,7.1,7.48,8.16,8.84,10.32,9.8,9.76,10.34,10.81,11.58,11.74,12.87,13.2,1.101167395,1.087433688,1.072554642,1.061409472,1.046832161,1.040274231,1.029996841,0.071521585,0.000712456,0.035843156,0.085878738,0.027481711,0.041516919,-0.033646361
4.5,6.91,7.17,7.1,7.48,8.16,8.84,10.32,8.56,9.76,10.34,10.81,11.58,11.74,12.87,1.124316486,1.101167395,1.087433688,1.072554642,1.061409472,1.046832161,1.040274231,0.116192266,0.071521585,0.000712456,0.035843156,0.085878738,0.027481711,0.041516919
7.4,6.14,6.91,7.17,7.1,7.48,8.16,8.84,7.6,8.56,9.76,10.34,10.81,11.58,11.74,1.129183944,1.124316486,1.101167395,1.087433688,1.072554642,1.061409472,1.046832161,0.079556733,0.116192266,0.071521585,0.000712456,0.035843156,0.085878738,0.027481711
2.6,5.54,6.14,6.91,7.17,7.1,7.48,8.16,7.31,7.6,8.56,9.76,10.34,10.81,11.58,1.144626751,1.129183944,1.124316486,1.101167395,1.087433688,1.072554642,1.061409472,-0.018348901,0.079556733,0.116192266,0.071521585,0.000712456,0.035843156,0.085878738
0.1,5.34,5.54,6.14,6.91,7.17,7.1,7.48,7.26,7.31,7.6,8.56,9.76,10.34,10.81,1.163778189,1.144626751,1.129183944,1.124316486,1.101167395,1.087433688,1.072554642,0.020608805,-0.018348901,0.079556733,0.116192266,0.071521585,0.000712456,0.035843156
5.7,5.54,5.34,5.54,6.14,6.91,7.17,7.1,7.19,7.26,7.31,7.6,8.56,9.76,10.34,1.186346915,1.163778189,1.144626751,1.129183944,1.124316486,1.101167395,1.087433688,0.144839065,0.020608805,-0.018348901,0.079556733,0.116192266,0.071521585,0.000712456
4.7,5.66,5.54,5.34,5.54,6.14,6.91,7.17,8.34,7.19,7.26,7.31,7.6,8.56,9.76,1.189167486,1.186346915,1.163778189,1.144626751,1.129183944,1.124316486,1.101167395,0.037500619,0.144839065,0.020608805,-0.018348901,0.079556733,0.116192266,0.071521585
0.8,6,5.66,5.54,5.34,5.54,6.14,6.91,8.88,8.34,7.19,7.26,7.31,7.6,8.56,1.202575732,1.189167486,1.186346915,1.163778189,1.144626751,1.129183944,1.124316486,0.094881523,0.037500619,0.144839065,0.020608805,-0.018348901,0.079556733,0.116192266
7.3,5.92,6,5.66,5.54,5.34,5.54,6.14,9.12,8.88,8.34,7.19,7.26,7.31,7.6,1.212603659,1.202575732,1.189167486,1.186346915,1.163778189,1.144626751,1.129183944,-0.285688076,0.094881523,0.037500619,0.144839065,0.020608805,-0.018348901,0.079556733
3,5.73,5.92,6,5.66,5.54,5.34,5.54,8.42,9.12,8.88,8.34,7.19,7.26,7.31,1.212984942,1.212603659,1.202575732,1.189167486,1.186346915,1.163778189,1.144626751,0.072221508,-0.285688076,0.094881523,0.037500619,0.144839065,0.020608805,-0.018348901
3.5,6.16,5.73,5.92,6,5.66,5.54,5.34,8.91,8.42,9.12,8.88,8.34,7.19,7.26,1.214654104,1.212984942,1.212603659,1.202575732,1.189167486,1.186346915,1.163778189,0.016713714,0.072221508,-0.285688076,0.094881523,0.037500619,0.144839065,0.020608805
4.7,6.99,6.16,5.73,5.92,6,5.66,5.54,9.1,8.91,8.42,9.12,8.88,8.34,7.19,1.224275184,1.214654104,1.212984942,1.212603659,1.202575732,1.189167486,1.186346915,0.010558985,0.016713714,0.072221508,-0.285688076,0.094881523,0.037500619,0.144839065
1.9,7.73,6.99,6.16,5.73,5.92,6,5.66,8.96,9.1,8.91,8.42,9.12,8.88,8.34,1.227664912,1.224275184,1.214654104,1.212984942,1.212603659,1.202575732,1.189167486,0.030494382,0.010558985,0.016713714,0.072221508,-0.285688076,0.094881523,0.037500619
1.9,8.55,7.73,6.99,6.16,5.73,5.92,6,9.21,8.96,9.1,8.91,8.42,9.12,8.88,1.233966401,1.227664912,1.224275184,1.214654104,1.212984942,1.212603659,1.202575732,0.059389107,0.030494382,0.010558985,0.016713714,0.072221508,-0.285688076,0.094881523
4,8.41,8.55,7.73,6.99,6.16,5.73,5.92,8.77,9.21,8.96,9.1,8.91,8.42,9.12,1.229913928,1.233966401,1.227664912,1.224275184,1.214654104,1.212984942,1.212603659,0.073217593,0.059389107,0.030494382,0.010558985,0.016713714,0.072221508,-0.285688076
1.8,7.84,8.41,8.55,7.73,6.99,6.16,5.73,8.11,8.77,9.21,8.96,9.1,8.91,8.42,1.233279121,1.229913928,1.233966401,1.227664912,1.224275184,1.214654104,1.212984942,0.098876336,0.073217593,0.059389107,0.030494382,0.010558985,0.016713714,0.072221508
3.5,7.65,7.84,8.41,8.55,7.73,6.99,6.16,7.91,8.11,8.77,9.21,8.96,9.1,8.91,1.231623909,1.233279121,1.229913928,1.233966401,1.227664912,1.224275184,1.214654104,-0.006642974,0.098876336,0.073217593,0.059389107,0.030494382,0.010558985,0.016713714
1.3,7.76,7.65,7.84,8.41,8.55,7.73,6.99,8.42,7.91,8.11,8.77,9.21,8.96,9.1,1.235657341,1.231623909,1.233279121,1.229913928,1.233966401,1.227664912,1.224275184,-0.03807068,-0.006642974,0.098876336,0.073217593,0.059389107,0.030494382,0.010558985
1.6,7.75,7.76,7.65,7.84,8.41,8.55,7.73,8.68,8.42,7.91,8.11,8.77,9.21,8.96,1.237043023,1.235657341,1.231623909,1.233279121,1.229913928,1.233966401,1.227664912,0.047928181,-0.03807068,-0.006642974,0.098876336,0.073217593,0.059389107,0.030494382
-3,7.48,7.75,7.76,7.65,7.84,8.41,8.55,8.7,8.68,8.42,7.91,8.11,8.77,9.21,1.236911308,1.237043023,1.235657341,1.231623909,1.233279121,1.229913928,1.233966401,-0.064195113,0.047928181,-0.03807068,-0.006642974,0.098876336,0.073217593,0.059389107
-1.4,7,7.48,7.75,7.76,7.65,7.84,8.41,8.4,8.7,8.68,8.42,7.91,8.11,8.77,1.236089523,1.236911308,1.237043023,1.235657341,1.231623909,1.233279121,1.229913928,-0.029179876,-0.064195113,0.047928181,-0.03807068,-0.006642974,0.098876336,0.073217593
3.4,6.04,7,7.48,7.75,7.76,7.65,7.84,8.02,8.4,8.7,8.68,8.42,7.91,8.11,1.233434304,1.236089523,1.236911308,1.237043023,1.235657341,1.231623909,1.233279121,0.127240999,-0.029179876,-0.064195113,0.047928181,-0.03807068,-0.006642974,0.098876336
2,5.56,6.04,7,7.48,7.75,7.76,7.65,8.13,8.02,8.4,8.7,8.68,8.42,7.91,1.225938694,1.233434304,1.236089523,1.236911308,1.237043023,1.235657341,1.231623909,0.045099979,0.127240999,-0.029179876,-0.064195113,0.047928181,-0.03807068,-0.006642974
-0.1,5.39,5.56,6.04,7,7.48,7.75,7.76,7.94,8.13,8.02,8.4,8.7,8.68,8.42,1.228144253,1.225938694,1.233434304,1.236089523,1.236911308,1.237043023,1.235657341,0.030139698,0.045099979,0.127240999,-0.029179876,-0.064195113,0.047928181,-0.03807068
7.7,4.57,5.39,5.56,6.04,7,7.48,7.75,7.35,7.94,8.13,8.02,8.4,8.7,8.68,1.221286764,1.228144253,1.225938694,1.233434304,1.236089523,1.236911308,1.237043023,0.011596772,0.030139698,0.045099979,0.127240999,-0.029179876,-0.064195113,0.047928181
2.8,3.89,4.57,5.39,5.56,6.04,7,7.48,7.3,7.35,7.94,8.13,8.02,8.4,8.7,1.21370869,1.221286764,1.228144253,1.225938694,1.233434304,1.236089523,1.236911308,0.03353939,0.011596772,0.030139698,0.045099979,0.127240999,-0.029179876,-0.064195113
4.4,3.69,3.89,4.57,5.39,5.56,6.04,7,7.38,7.3,7.35,7.94,8.13,8.02,8.4,1.203113044,1.21370869,1.221286764,1.228144253,1.225938694,1.233434304,1.236089523,0.010772929,0.03353939,0.011596772,0.030139698,0.045099979,0.127240999,-0.029179876
4.8,3.12,3.69,3.89,4.57,5.39,5.56,6.04,6.62,7.38,7.3,7.35,7.94,8.13,8.02,1.192999629,1.203113044,1.21370869,1.221286764,1.228144253,1.225938694,1.233434304,0.014111348,0.010772929,0.03353939,0.011596772,0.030139698,0.045099979,0.127240999
1.5,3.05,3.12,3.69,3.89,4.57,5.39,5.56,6.74,6.62,7.38,7.3,7.35,7.94,8.13,1.184110661,1.192999629,1.203113044,1.21370869,1.221286764,1.228144253,1.225938694,0.023370523,0.014111348,0.010772929,0.03353939,0.011596772,0.030139698,0.045099979
3.6,2.98,3.05,3.12,3.69,3.89,4.57,5.39,6.28,6.74,6.62,7.38,7.3,7.35,7.94,1.175742912,1.184110661,1.192999629,1.203113044,1.21370869,1.221286764,1.228144253,0.036720096,0.023370523,0.014111348,0.010772929,0.03353939,0.011596772,0.030139698
4.5,2.96,2.98,3.05,3.12,3.69,3.89,4.57,5.99,6.28,6.74,6.62,7.38,7.3,7.35,1.166683125,1.175742912,1.184110661,1.192999629,1.203113044,1.21370869,1.221286764,0.005293974,0.036720096,0.023370523,0.014111348,0.010772929,0.03353939,0.011596772
3.6,3.01,2.96,2.98,3.05,3.12,3.69,3.89,5.62,5.99,6.28,6.74,6.62,7.38,7.3,1.167882614,1.166683125,1.175742912,1.184110661,1.192999629,1.203113044,1.21370869,0.021914699,0.005293974,0.036720096,0.023370523,0.014111348,0.010772929,0.03353939
4.7,3.05,3.01,2.96,2.98,3.05,3.12,3.69,5.61,5.62,5.99,6.28,6.74,6.62,7.38,1.171144443,1.167882614,1.166683125,1.175742912,1.184110661,1.192999629,1.203113044,0.018397963,0.021914699,0.005293974,0.036720096,0.023370523,0.014111348,0.010772929
3.1,3.24,3.05,3.01,2.96,2.98,3.05,3.12,6.07,5.61,5.62,5.99,6.28,6.74,6.62,1.174687764,1.171144443,1.167882614,1.166683125,1.175742912,1.184110661,1.192999629,-0.00111089,0.018397963,0.021914699,0.005293974,0.036720096,0.023370523,0.014111348
3.1,3.95,3.24,3.05,3.01,2.96,2.98,3.05,7.08,6.07,5.61,5.62,5.99,6.28,6.74,1.17414154,1.174687764,1.171144443,1.167882614,1.166683125,1.175742912,1.184110661,-0.031202004,-0.00111089,0.018397963,0.021914699,0.005293974,0.036720096,0.023370523
4.4,4.46,3.95,3.24,3.05,3.01,2.96,2.98,7.33,7.08,6.07,5.61,5.62,5.99,6.28,1.173881881,1.17414154,1.174687764,1.171144443,1.167882614,1.166683125,1.175742912,0.032592198,-0.031202004,-0.00111089,0.018397963,0.021914699,0.005293974,0.036720096
1.1,5.28,4.46,3.95,3.24,3.05,3.01,2.96,7.84,7.33,7.08,6.07,5.61,5.62,5.99,1.174405012,1.173881881,1.17414154,1.174687764,1.171144443,1.167882614,1.166683125,-0.008016517,0.032592198,-0.031202004,-0.00111089,0.018397963,0.021914699,0.005293974
3.6,5.73,5.28,4.46,3.95,3.24,3.05,3.01,7.48,7.84,7.33,7.08,6.07,5.61,5.62,1.178399306,1.174405012,1.173881881,1.17414154,1.174687764,1.171144443,1.167882614,0.051498297,-0.008016517,0.032592198,-0.031202004,-0.00111089,0.018397963,0.021914699
3.7,5.59,5.73,5.28,4.46,3.95,3.24,3.05,6.62,7.48,7.84,7.33,7.08,6.07,5.61,1.177824924,1.178399306,1.174405012,1.173881881,1.17414154,1.174687764,1.171144443,0.088108935,0.051498297,-0.008016517,0.032592198,-0.031202004,-0.00111089,0.018397963
2.8,5.37,5.59,5.73,5.28,4.46,3.95,3.24,6.32,6.62,7.48,7.84,7.33,7.08,6.07,1.186523221,1.177824924,1.178399306,1.174405012,1.173881881,1.17414154,1.174687764,0.069996807,0.088108935,0.051498297,-0.008016517,0.032592198,-0.031202004,-0.00111089
3.8,5.26,5.37,5.59,5.73,5.28,4.46,3.95,5.89,6.32,6.62,7.48,7.84,7.33,7.08,1.192267378,1.186523221,1.177824924,1.178399306,1.174405012,1.173881881,1.17414154,0.053813027,0.069996807,0.088108935,0.051498297,-0.008016517,0.032592198,-0.031202004
4.4,4.93,5.26,5.37,5.59,5.73,5.28,4.46,5.91,5.89,6.32,6.62,7.48,7.84,7.33,1.198691219,1.192267378,1.186523221,1.177824924,1.178399306,1.174405012,1.173881881,0.063999297,0.053813027,0.069996807,0.088108935,0.051498297,-0.008016517,0.032592198
2.4,5.02,4.93,5.26,5.37,5.59,5.73,5.28,6.72,5.91,5.89,6.32,6.62,7.48,7.84,1.202227006,1.198691219,1.192267378,1.186523221,1.177824924,1.178399306,1.174405012,0.036762239,0.063999297,0.053813027,0.069996807,0.088108935,0.051498297,-0.008016517
3.2,5.1,5.02,4.93,5.26,5.37,5.59,5.73,6.78,6.72,5.91,5.89,6.32,6.62,7.48,1.206684706,1.202227006,1.198691219,1.192267378,1.186523221,1.177824924,1.178399306,-0.007374442,0.036762239,0.063999297,0.053813027,0.069996807,0.088108935,0.051498297
4.3,4.97,5.1,5.02,4.93,5.26,5.37,5.59,6.34,6.78,6.72,5.91,5.89,6.32,6.62,1.20705886,1.206684706,1.202227006,1.198691219,1.192267378,1.186523221,1.177824924,0.1071056,-0.007374442,0.036762239,0.063999297,0.053813027,0.069996807,0.088108935
1.8,5.06,4.97,5.1,5.02,4.93,5.26,5.37,6.56,6.34,6.78,6.72,5.91,5.89,6.32,1.205795903,1.20705886,1.206684706,1.202227006,1.198691219,1.192267378,1.186523221,0.057792668,0.1071056,-0.007374442,0.036762239,0.063999297,0.053813027,0.069996807
7,5.05,5.06,4.97,5.1,5.02,4.93,5.26,6.7,6.56,6.34,6.78,6.72,5.91,5.89,1.203448886,1.205795903,1.20705886,1.206684706,1.202227006,1.198691219,1.192267378,0.082472619,0.057792668,0.1071056,-0.007374442,0.036762239,0.063999297,0.053813027
4.8,5.05,5.05,5.06,4.97,5.1,5.02,4.93,6.24,6.7,6.56,6.34,6.78,6.72,5.91,1.207976454,1.203448886,1.205795903,1.20705886,1.206684706,1.202227006,1.198691219,0.09989893,0.082472619,0.057792668,0.1071056,-0.007374442,0.036762239,0.063999297
4.2,5.08,5.05,5.05,5.06,4.97,5.1,5.02,5.91,6.24,6.7,6.56,6.34,6.78,6.72,1.213916903,1.207976454,1.203448886,1.205795903,1.20705886,1.206684706,1.202227006,0.013964578,0.09989893,0.082472619,0.057792668,0.1071056,-0.007374442,0.036762239
7.3,5.06,5.08,5.05,5.05,5.06,4.97,5.1,5.59,5.91,6.24,6.7,6.56,6.34,6.78,1.218010256,1.213916903,1.207976454,1.203448886,1.205795903,1.20705886,1.206684706,0.097508112,0.013964578,0.09989893,0.082472619,0.057792668,0.1071056,-0.007374442
5.4,4.98,5.06,5.08,5.05,5.05,5.06,4.97,5.6,5.59,5.91,6.24,6.7,6.56,6.34,1.225758123,1.218010256,1.213916903,1.207976454,1.203448886,1.205795903,1.20705886,0.063424745,0.097508112,0.013964578,0.09989893,0.082472619,0.057792668,0.1071056
6,4.85,4.98,5.06,5.08,5.05,5.05,5.06,5.2,5.6,5.59,5.91,6.24,6.7,6.56,1.243228856,1.225758123,1.218010256,1.213916903,1.207976454,1.203448886,1.205795903,-0.075120343,0.063424745,0.097508112,0.013964578,0.09989893,0.082472619,0.057792668
3.9,4.25,4.85,4.98,5.06,5.08,5.05,5.05,4.67,5.2,5.6,5.59,5.91,6.24,6.7,1.252338798,1.243228856,1.225758123,1.218010256,1.213916903,1.207976454,1.203448886,0.120565035,-0.075120343,0.063424745,0.097508112,0.013964578,0.09989893,0.082472619
6.1,4.41,4.25,4.85,4.98,5.06,5.08,5.05,4.98,4.67,5.2,5.6,5.59,5.91,6.24,1.26284805,1.252338798,1.243228856,1.225758123,1.218010256,1.213916903,1.207976454,0.085802467,0.120565035,-0.075120343,0.063424745,0.097508112,0.013964578,0.09989893
4.6,4.44,4.41,4.25,4.85,4.98,5.06,5.08,5.54,4.98,4.67,5.2,5.6,5.59,5.91,1.271910976,1.26284805,1.252338798,1.243228856,1.225758123,1.218010256,1.213916903,0.052581391,0.085802467,0.120565035,-0.075120343,0.063424745,0.097508112,0.013964578
6,4.65,4.44,4.41,4.25,4.85,4.98,5.06,5.88,5.54,4.98,4.67,5.2,5.6,5.59,1.281594465,1.271910976,1.26284805,1.252338798,1.243228856,1.225758123,1.218010256,-0.019616401,0.052581391,0.085802467,0.120565035,-0.075120343,0.063424745,0.097508112
6.2,5.03,4.65,4.44,4.41,4.25,4.85,4.98,6.14,5.88,5.54,4.98,4.67,5.2,5.6,1.298377831,1.281594465,1.271910976,1.26284805,1.252338798,1.243228856,1.225758123,0.070985908,-0.019616401,0.052581391,0.085802467,0.120565035,-0.075120343,0.063424745
3.9,5.53,5.03,4.65,4.44,4.41,4.25,4.85,6.48,6.14,5.88,5.54,4.98,4.67,5.2,1.308252236,1.298377831,1.281594465,1.271910976,1.26284805,1.252338798,1.243228856,0.009048973,0.070985908,-0.019616401,0.052581391,0.085802467,0.120565035,-0.075120343
3.9,5.71,5.53,5.03,4.65,4.44,4.41,4.25,6.18,6.48,6.14,5.88,5.54,4.98,4.67,1.318872483,1.308252236,1.298377831,1.281594465,1.271910976,1.26284805,1.252338798,0.015877667,0.009048973,0.070985908,-0.019616401,0.052581391,0.085802467,0.120565035
3.6,6.02,5.71,5.53,5.03,4.65,4.44,4.41,5.89,6.18,6.48,6.14,5.88,5.54,4.98,1.327850426,1.318872483,1.308252236,1.298377831,1.281594465,1.271910976,1.26284805,0.013174142,0.015877667,0.009048973,0.070985908,-0.019616401,0.052581391,0.085802467
1.7,6.02,6.02,5.71,5.53,5.03,4.65,4.44,5.57,5.89,6.18,6.48,6.14,5.88,5.54,1.334096185,1.327850426,1.318872483,1.308252236,1.298377831,1.281594465,1.271910976,-0.075871472,0.013174142,0.015877667,0.009048973,0.070985908,-0.019616401,0.052581391
1,4.82,6.02,6.02,5.71,5.53,5.03,4.65,5.05,5.57,5.89,6.18,6.48,6.14,5.88,1.338456194,1.334096185,1.327850426,1.318872483,1.308252236,1.298377831,1.281594465,-0.076234966,-0.075871472,0.013174142,0.015877667,0.009048973,0.070985908,-0.019616401
1.5,3.66,4.82,6.02,6.02,5.71,5.53,5.03,5.27,5.05,5.57,5.89,6.18,6.48,6.14,1.339128422,1.338456194,1.334096185,1.327850426,1.318872483,1.308252236,1.298377831,-0.009770699,-0.076234966,-0.075871472,0.013174142,0.015877667,0.009048973,0.070985908
6.3,3.21,3.66,4.82,6.02,6.02,5.71,5.53,4.98,5.27,5.05,5.57,5.89,6.18,6.48,1.356919008,1.339128422,1.338456194,1.334096185,1.327850426,1.318872483,1.308252236,-0.096741642,-0.009770699,-0.076234966,-0.075871472,0.013174142,0.015877667,0.009048973
1.2,1.92,3.21,3.66,4.82,6.02,6.02,5.71,4.77,4.98,5.27,5.05,5.57,5.89,6.18,1.376504187,1.356919008,1.339128422,1.338456194,1.334096185,1.327850426,1.318872483,-0.011418392,-0.096741642,-0.009770699,-0.076234966,-0.075871472,0.013174142,0.015877667
2.1,1.72,1.92,3.21,3.66,4.82,6.02,6.02,5.08,4.77,4.98,5.27,5.05,5.57,5.89,1.385866711,1.376504187,1.356919008,1.339128422,1.338456194,1.334096185,1.327850426,0.010995965,-0.011418392,-0.096741642,-0.009770699,-0.076234966,-0.075871472,0.013174142
2.8,1.72,1.72,1.92,3.21,3.66,4.82,6.02,5.1,5.08,4.77,4.98,5.27,5.05,5.57,1.392362301,1.385866711,1.376504187,1.356919008,1.339128422,1.338456194,1.334096185,-0.076881109,0.010995965,-0.011418392,-0.096741642,-0.009770699,-0.076234966,-0.075871472
2.2,1.65,1.72,1.72,1.92,3.21,3.66,4.82,4.26,5.1,5.08,4.77,4.98,5.27,5.05,1.402585318,1.392362301,1.385866711,1.376504187,1.356919008,1.339128422,1.338456194,-0.170368578,-0.076881109,0.010995965,-0.011418392,-0.096741642,-0.009770699,-0.076234966
1.8,1.35,1.65,1.72,1.72,1.92,3.21,3.66,4.01,4.26,5.1,5.08,4.77,4.98,5.27,1.410666798,1.402585318,1.392362301,1.385866711,1.376504187,1.356919008,1.339128422,0.022048237,-0.170368578,-0.076881109,0.010995965,-0.011418392,-0.096741642,-0.009770699
4.5,1.16,1.35,1.65,1.72,1.72,1.92,3.21,3.92,4.01,4.26,5.1,5.08,4.77,4.98,1.424167243,1.410666798,1.402585318,1.392362301,1.385866711,1.376504187,1.356919008,-0.059809085,0.022048237,-0.170368578,-0.076881109,0.010995965,-0.011418392,-0.096741642
6,1.04,1.16,1.35,1.65,1.72,1.72,1.92,3.62,3.92,4.01,4.26,5.1,5.08,4.77,1.432182749,1.424167243,1.410666798,1.402585318,1.392362301,1.385866711,1.376504187,0.1149329,-0.059809085,0.022048237,-0.170368578,-0.076881109,0.010995965,-0.011418392
3.1,0.93,1.04,1.16,1.35,1.65,1.72,1.72,4.23,3.62,3.92,4.01,4.26,5.1,5.08,1.451953614,1.432182749,1.424167243,1.410666798,1.402585318,1.392362301,1.385866711,0.047631786,0.1149329,-0.059809085,0.022048237,-0.170368578,-0.076881109,0.010995965
3.9,0.92,0.93,1.04,1.16,1.35,1.65,1.72,4.29,4.23,3.62,3.92,4.01,4.26,5.1,1.458978105,1.451953614,1.432182749,1.424167243,1.410666798,1.402585318,1.392362301,0.072931942,0.047631786,0.1149329,-0.059809085,0.022048237,-0.170368578,-0.076881109
2.6,0.91,0.92,0.93,1.04,1.16,1.35,1.65,4.02,4.29,4.23,3.62,3.92,4.01,4.26,1.459961126,1.458978105,1.451953614,1.432182749,1.424167243,1.410666798,1.402585318,0.054806691,0.072931942,0.047631786,0.1149329,-0.059809085,0.022048237,-0.170368578
3.9,1.06,0.91,0.92,0.93,1.04,1.16,1.35,4.6,4.02,4.29,4.23,3.62,3.92,4.01,1.462387266,1.459961126,1.458978105,1.451953614,1.432182749,1.424167243,1.410666798,-0.009883212,0.054806691,0.072931942,0.047631786,0.1149329,-0.059809085,0.022048237
4.2,1.47,1.06,0.91,0.92,0.93,1.04,1.16,4.3,4.6,4.02,4.29,4.23,3.62,3.92,1.469674996,1.462387266,1.459961126,1.458978105,1.451953614,1.432182749,1.424167243,-0.01443516,-0.009883212,0.054806691,0.072931942,0.047631786,0.1149329,-0.059809085
3.1,1.99,1.47,1.06,0.91,0.92,0.93,1.04,4.17,4.3,4.6,4.02,4.29,4.23,3.62,1.47793744,1.469674996,1.462387266,1.459961126,1.458978105,1.451953614,1.432182749,0.057179502,-0.01443516,-0.009883212,0.054806691,0.072931942,0.047631786,0.1149329
4.4,2.53,1.99,1.47,1.06,0.91,0.92,0.93,4.3,4.17,4.3,4.6,4.02,4.29,4.23,1.494711045,1.47793744,1.469674996,1.462387266,1.459961126,1.458978105,1.451953614,0.013986169,0.057179502,-0.01443516,-0.009883212,0.054806691,0.072931942,0.047631786
3.1,2.85,2.53,1.99,1.47,1.06,0.91,0.92,4.16,4.3,4.17,4.3,4.6,4.02,4.29,1.497971466,1.494711045,1.47793744,1.469674996,1.462387266,1.459961126,1.458978105,-0.007256758,0.013986169,0.057179502,-0.01443516,-0.009883212,0.054806691,0.072931942
1.5,3.35,2.85,2.53,1.99,1.47,1.06,0.91,4.21,4.16,4.3,4.17,4.3,4.6,4.02,1.510736425,1.497971466,1.494711045,1.47793744,1.469674996,1.462387266,1.459961126,0.039778229,-0.007256758,0.013986169,0.057179502,-0.01443516,-0.009883212,0.054806691
4.6,3.83,3.35,2.85,2.53,1.99,1.47,1.06,4.49,4.21,4.16,4.3,4.17,4.3,4.6,1.524045798,1.510736425,1.497971466,1.494711045,1.47793744,1.469674996,1.462387266,0.005809347,0.039778229,-0.007256758,0.013986169,0.057179502,-0.01443516,-0.009883212
2.1,4.39,3.83,3.35,2.85,2.53,1.99,1.47,4.57,4.49,4.21,4.16,4.3,4.17,4.3,1.537105075,1.524045798,1.510736425,1.497971466,1.494711045,1.47793744,1.469674996,0.039905341,0.005809347,0.039778229,-0.007256758,0.013986169,0.057179502,-0.01443516
2.4,4.71,4.39,3.83,3.35,2.85,2.53,1.99,5.07,4.57,4.49,4.21,4.16,4.3,4.17,1.553151187,1.537105075,1.524045798,1.510736425,1.497971466,1.494711045,1.47793744,-0.001222364,0.039905341,0.005809347,0.039778229,-0.007256758,0.013986169,0.057179502
4.1,4.91,4.71,4.39,3.83,3.35,2.85,2.53,4.9,5.07,4.57,4.49,4.21,4.16,4.3,1.570672895,1.553151187,1.537105075,1.524045798,1.510736425,1.497971466,1.494711045,0.016848118,-0.001222364,0.039905341,0.005809347,0.039778229,-0.007256758,0.013986169
2.1,4.9,4.91,4.71,4.39,3.83,3.35,2.85,4.63,4.9,5.07,4.57,4.49,4.21,4.16,1.585453531,1.570672895,1.553151187,1.537105075,1.524045798,1.510736425,1.497971466,0.069184028,0.016848118,-0.001222364,0.039905341,0.005809347,0.039778229,-0.007256758
1.4,4.98,4.9,4.91,4.71,4.39,3.83,3.35,4.68,4.63,4.9,5.07,4.57,4.49,4.21,1.603364833,1.585453531,1.570672895,1.553151187,1.537105075,1.524045798,1.510736425,0.01631884,0.069184028,0.016848118,-0.001222364,0.039905341,0.005809347,0.039778229
1.8,4.74,4.98,4.9,4.91,4.71,4.39,3.83,4.85,4.68,4.63,4.9,5.07,4.57,4.49,1.616938988,1.603364833,1.585453531,1.570672895,1.553151187,1.537105075,1.524045798,0.057044075,0.01631884,0.069184028,0.016848118,-0.001222364,0.039905341,0.005809347
0.5,4.32,4.74,4.98,4.9,4.91,4.71,4.39,4.73,4.85,4.68,4.63,4.9,5.07,4.57,1.641471808,1.616938988,1.603364833,1.585453531,1.570672895,1.553151187,1.537105075,-0.013448175,0.057044075,0.01631884,0.069184028,0.016848118,-0.001222364,0.039905341
-0.8,3.41,4.32,4.74,4.98,4.9,4.91,4.71,4.26,4.73,4.85,4.68,4.63,4.9,5.07,1.66091452,1.641471808,1.616938988,1.603364833,1.585453531,1.570672895,1.553151187,0.009574729,-0.013448175,0.057044075,0.01631884,0.069184028,0.016848118,-0.001222364
0.7,2.09,3.41,4.32,4.74,4.98,4.9,4.91,3.66,4.26,4.73,4.85,4.68,4.63,4.9,1.675931838,1.66091452,1.641471808,1.616938988,1.603364833,1.585453531,1.570672895,-0.109595708,0.009574729,-0.013448175,0.057044075,0.01631884,0.069184028,0.016848118
-2.9,1.62,2.09,3.41,4.32,4.74,4.98,4.9,3.89,3.66,4.26,4.73,4.85,4.68,4.63,1.68517294,1.675931838,1.66091452,1.641471808,1.616938988,1.603364833,1.585453531,0.00841956,-0.109595708,0.009574729,-0.013448175,0.057044075,0.01631884,0.069184028
-4.7,1.53,1.62,2.09,3.41,4.32,4.74,4.98,3.86,3.89,3.66,4.26,4.73,4.85,4.68,1.685092449,1.68517294,1.675931838,1.66091452,1.641471808,1.616938988,1.603364833,-0.089851144,0.00841956,-0.109595708,0.009574729,-0.013448175,0.057044075,0.01631884
-1.4,0.33,1.53,1.62,2.09,3.41,4.32,4.74,3.25,3.86,3.89,3.66,4.26,4.73,4.85,1.692358497,1.685092449,1.68517294,1.675931838,1.66091452,1.641471808,1.616938988,-0.29458945,-0.089851144,0.00841956,-0.109595708,0.009574729,-0.013448175,0.057044075
-1.8,0.2,0.33,1.53,1.62,2.09,3.41,4.32,2.74,3.25,3.86,3.89,3.66,4.26,4.73,1.678572327,1.692358497,1.685092449,1.68517294,1.675931838,1.66091452,1.641471808,-0.160041751,-0.29458945,-0.089851144,0.00841956,-0.109595708,0.009574729,-0.013448175
2.4,0.17,0.2,0.33,1.53,1.62,2.09,3.41,3.31,2.74,3.25,3.86,3.89,3.66,4.26,1.669586764,1.678572327,1.692358497,1.685092449,1.68517294,1.675931838,1.66091452,0.139247183,-0.160041751,-0.29458945,-0.089851144,0.00841956,-0.109595708,0.009574729
0,0.16,0.17,0.2,0.33,1.53,1.62,2.09,3.52,3.31,2.74,3.25,3.86,3.89,3.66,1.673883085,1.669586764,1.678572327,1.692358497,1.685092449,1.68517294,1.675931838,0.122689106,0.139247183,-0.160041751,-0.29458945,-0.089851144,0.00841956,-0.109595708
2.2,0.06,0.16,0.17,0.2,0.33,1.53,1.62,3.46,3.52,3.31,2.74,3.25,3.86,3.89,1.674029043,1.673883085,1.669586764,1.678572327,1.692358497,1.685092449,1.68517294,0.057600558,0.122689106,0.139247183,-0.160041751,-0.29458945,-0.089851144,0.00841956
3.3,0.1,0.06,0.16,0.17,0.2,0.33,1.53,3.72,3.46,3.52,3.31,2.74,3.25,3.86,1.657173581,1.674029043,1.673883085,1.669586764,1.678572327,1.692358497,1.685092449,0.030593607,0.057600558,0.122689106,0.139247183,-0.160041751,-0.29458945,-0.089851144
2.6,0.15,0.1,0.06,0.16,0.17,0.2,0.33,3.49,3.72,3.46,3.52,3.31,2.74,3.25,1.636585273,1.657173581,1.674029043,1.673883085,1.669586764,1.678572327,1.692358497,-0.012316479,0.030593607,0.057600558,0.122689106,0.139247183,-0.160041751,-0.29458945
4.2,0.15,0.15,0.1,0.06,0.16,0.17,0.2,2.79,3.49,3.72,3.46,3.52,3.31,2.74,1.612559399,1.636585273,1.657173581,1.674029043,1.673883085,1.669586764,1.678572327,-0.004449223,-0.012316479,0.030593607,0.057600558,0.122689106,0.139247183,-0.160041751
2,0.14,0.15,0.15,0.1,0.06,0.16,0.17,2.86,2.79,3.49,3.72,3.46,3.52,3.31,1.593411697,1.612559399,1.636585273,1.657173581,1.674029043,1.673883085,1.669586764,0.095339782,-0.004449223,-0.012316479,0.030593607,0.057600558,0.122689106,0.139247183
0.8,0.13,0.14,0.15,0.15,0.1,0.06,0.16,3.46,2.86,2.79,3.49,3.72,3.46,3.52,1.569608627,1.593411697,1.612559399,1.636585273,1.657173581,1.674029043,1.673883085,0.084095503,0.095339782,-0.004449223,-0.012316479,0.030593607,0.057600558,0.122689106
1.8,0.05,0.13,0.14,0.15,0.15,0.1,0.06,3.21,3.46,2.86,2.79,3.49,3.72,3.46,1.552845154,1.569608627,1.593411697,1.612559399,1.636585273,1.657173581,1.674029043,0.022659857,0.084095503,0.095339782,-0.004449223,-0.012316479,0.030593607,0.057600558
1.4,0.02,0.05,0.13,0.14,0.15,0.15,0.1,2.43,3.21,3.46,2.86,2.79,3.49,3.72,1.537171249,1.552845154,1.569608627,1.593411697,1.612559399,1.636585273,1.657173581,-0.100934887,0.022659857,0.084095503,0.095339782,-0.004449223,-0.012316479,0.030593607
2.4,0.02,0.02,0.05,0.13,0.14,0.15,0.15,2.05,2.43,3.21,3.46,2.86,2.79,3.49,1.5253217,1.537171249,1.552845154,1.569608627,1.593411697,1.612559399,1.636585273,0.031154651,-0.100934887,0.022659857,0.084095503,0.095339782,-0.004449223,-0.012316479
0.7,0.07,0.02,0.02,0.05,0.13,0.14,0.15,2.04,2.05,2.43,3.21,3.46,2.86,2.79,1.517492568,1.5253217,1.537171249,1.552845154,1.569608627,1.593411697,1.612559399,0.083853912,0.031154651,-0.100934887,0.022659857,0.084095503,0.095339782,-0.004449223
1.1,0.09,0.07,0.02,0.02,0.05,0.13,0.14,1.82,2.04,2.05,2.43,3.21,3.46,2.86,1.504461116,1.517492568,1.5253217,1.537171249,1.552845154,1.569608627,1.593411697,-0.003962274,0.083853912,0.031154651,-0.100934887,0.022659857,0.084095503,0.095339782
1.1,0.1,0.09,0.07,0.02,0.02,0.05,0.13,1.64,1.82,2.04,2.05,2.43,3.21,3.46,1.495774081,1.504461116,1.517492568,1.5253217,1.537171249,1.552845154,1.569608627,0.037649496,-0.003962274,0.083853912,0.031154651,-0.100934887,0.022659857,0.084095503
1.9,0.09,0.1,0.09,0.07,0.02,0.02,0.05,1.71,1.64,1.82,2.04,2.05,2.43,3.21,1.489862312,1.495774081,1.504461116,1.517492568,1.5253217,1.537171249,1.552845154,0.006593527,0.037649496,-0.003962274,0.083853912,0.031154651,-0.100934887,0.022659857
0.8,0.09,0.09,0.1,0.09,0.07,0.02,0.02,1.95,1.71,1.64,1.82,2.04,2.05,2.43,1.492986547,1.489862312,1.495774081,1.504461116,1.517492568,1.5253217,1.537171249,0.074146911,0.006593527,0.037649496,-0.003962274,0.083853912,0.031154651,-0.100934887
1.9,0.05,0.09,0.09,0.1,0.09,0.07,0.02,2,1.95,1.71,1.64,1.82,2.04,2.05,1.485710019,1.492986547,1.489862312,1.495774081,1.504461116,1.517492568,1.5253217,0.053665105,0.074146911,0.006593527,0.037649496,-0.003962274,0.083853912,0.031154651
3.4,0.03,0.05,0.09,0.09,0.1,0.09,0.07,2.71,2,1.95,1.71,1.64,1.82,2.04,1.487235105,1.485710019,1.492986547,1.489862312,1.495774081,1.504461116,1.517492568,0.033691592,0.053665105,0.074146911,0.006593527,0.037649496,-0.003962274,0.083853912
1.9,0.06,0.03,0.05,0.09,0.09,0.1,0.09,2.75,2.71,2,1.95,1.71,1.64,1.82,1.493324869,1.487235105,1.485710019,1.492986547,1.489862312,1.495774081,1.504461116,0.078892427,0.033691592,0.053665105,0.074146911,0.006593527,0.037649496,-0.003962274
3.8,0.05,0.06,0.03,0.05,0.09,0.09,0.1,2.76,2.75,2.71,2,1.95,1.71,1.64,1.489181469,1.493324869,1.487235105,1.485710019,1.492986547,1.489862312,1.495774081,0.018978866,0.078892427,0.033691592,0.053665105,0.074146911,0.006593527,0.037649496
3.7,0.03,0.05,0.06,0.03,0.05,0.09,0.09,2.62,2.76,2.75,2.71,2,1.95,1.71,1.486257896,1.489181469,1.493324869,1.487235105,1.485710019,1.492986547,1.489862312,0.04492283,0.018978866,0.078892427,0.033691592,0.053665105,0.074146911,0.006593527
4.6,0.03,0.03,0.05,0.06,0.03,0.05,0.09,2.5,2.62,2.76,2.75,2.71,2,1.95,1.487774602,1.486257896,1.489181469,1.493324869,1.487235105,1.485710019,1.492986547,0.023742636,0.04492283,0.018978866,0.078892427,0.033691592,0.053665105,0.074146911
2.4,0.02,0.03,0.03,0.05,0.06,0.03,0.05,2.28,2.5,2.62,2.76,2.75,2.71,2,1.488359744,1.487774602,1.486257896,1.489181469,1.493324869,1.487235105,1.485710019,0.039534331,0.023742636,0.04492283,0.018978866,0.078892427,0.033691592,0.053665105
2.9,0.027,0.02,0.03,0.03,0.05,0.06,0.03,1.97,2.28,2.5,2.62,2.76,2.75,2.71,1.482,1.488359744,1.487774602,1.486257896,1.489181469,1.493324869,1.487235105,0.003715092,0.039534331,0.023742636,0.04492283,0.018978866,0.078892427,0.033691592
2.7,0.02,0.027,0.02,0.03,0.03,0.05,0.06,2.17,1.97,2.28,2.5,2.62,2.76,2.75,1.49,1.482,1.488359744,1.487774602,1.486257896,1.489181469,1.493324869,0.01426851,0.003715092,0.039534331,0.023742636,0.04492283,0.018978866,0.078892427
2.3,0.04,0.02,0.027,0.02,0.03,0.03,0.05,2.22,2.17,1.97,2.28,2.5,2.62,2.76,1.491,1.49,1.482,1.488359744,1.487774602,1.486257896,1.489181469,-0.042441656,0.01426851,0.003715092,0.039534331,0.023742636,0.04492283,0.018978866
1.6,0.09,0.04,0.02,0.027,0.02,0.03,0.03,2.19,2.22,2.17,1.97,2.28,2.5,2.62,1.497,1.491,1.49,1.482,1.488359744,1.487774602,1.486257896,0.034046546,-0.042441656,0.01426851,0.003715092,0.039534331,0.023742636,0.04492283
4.3,0.29,0.09,0.04,0.02,0.027,0.02,0.03,1.92,2.19,2.22,2.17,1.97,2.28,2.5,1.501,1.497,1.491,1.49,1.482,1.488359744,1.487774602,-0.044750676,0.034046546,-0.042441656,0.01426851,0.003715092,0.039534331,0.023742636
